Number;Plate;Genotype;
1;1;LAR4N6;
2;1;BIR2N148;
3;1;LAR2N22;
4;1;LAR3N66;
5;1;LAR3N124;
6;1;BIR1N94;
7;1;LAR2N102;
8;1;LAR2N18;
9;1;LAR2N35;
10;1;LAR2N6;
11;1;LAR4N10;
12;1;LAR1N123;
13;1;LAR2N20;
14;1;LAR3N123;
15;1;LAR2N54;
16;1;LAR3N113;
17;1;LAR3N44;
18;1;LAR4N1;
19;1;LAR2N11;
20;1;LAR2N112;
21;1;LAR3N34;
22;1;LAR2N1;
23;1;LAR3N112;
24;1;LAR2N29;
25;2;LAR4N11;
26;2;LAR3N45;
27;2;LAR3N65;
28;2;LAR3N82;
29;2;LAR4N32;
30;2;LAR3N49;
31;2;LAR3N3;
32;2;LAR3N53;
33;2;LAR3N41;
34;2;LAR4N20;
35;2;LAR4N8;
36;2;LAR3N109;
37;2;BIR1N167;
38;2;LAR3N100;
39;2;LAR4N25;
40;2;LAR4N16;
41;2;LAR2N57;
42;2;LAR2N33;
43;2;LAR2N38;
44;2;LAR2N76;
45;2;LAR3N55;
46;2;LAR1N125;
47;2;BIR2N60;or BIR3N60???
48;2;LAR3N67;
49;3;LAR2N67;
50;3;LAR2N91;
51;3;LAR4N31;
52;3;LAR3N28;
53;3;LAR2N68;
54;3;LAR2N79;
55;3;LAR3N57;
56;3;LAR2N72;
57;3;LAR2N86;
58;3;LAR2N97;
59;3;LAR2N56;
60;3;LAR4N7;
61;3;LAR4N28;
62;3;LAR4N13;
63;3;LAR3N9;
64;3;LAR2N98;
65;3;LAR4N12;
66;3;LAR4N30;
67;3;LAR2N39;
68;3;LAR4N39;
69;3;LAR2N17;
70;3;LAR2N73;
71;3;LAR3N14;
72;3;LAR2N77;
73;4;LAR2N88;
74;4;LAR3N63;
75;4;LAR1N119;
76;4;LAR4N21;
77;4;LAR2N65;
78;4;LAR3N43;
79;4;LAR1N110;
80;4;BIR1N77;
81;4;LAR2N112;
82;4;LAR1N108;
83;4;LAR3N36;
84;4;LAR2N60;
85;4;LAR2N101;
86;4;LAR3N32;
87;4;LAR3N23;
88;4;LAR3N30;
89;4;LAR3N15;
90;4;LAR3N38;
91;4;LAR3N2;
92;4;LAR3N31;
93;4;LAR3N5;
94;4;BIR1N91;
95;4;LAR2N92;
96;4;LAR2N72;or LAR#N72
97;5;LAR2N40;
98;5;BIR2N15;
99;5;BIR2N94;
100;5;LAR4N43;
101;5;BIR2N80;
102;5;BIR1N185;
103;5;LAR4N18;
104;5;LAR2N59;
105;5;LAR3N90;
106;5;LAR1N99;
107;5;LAR2N8;
108;5;LAR2N2;
109;5;LAR2N94;
110;5;LAR1N121;
111;5;LAR3N76;
112;5;LAR3N79;
113;5;LAR1N70;
114;5;LAR3N120;
115;5;LAR2N62;
116;5;LAR2N70;
117;5;LAR3N95;
118;5;LAR1N100;
119;5;LAR1N103;
120;5;LAR2N44;
121;6;LAR4N38;
122;6;LAR3N97;
123;6;LAR2N84;or 94 or 34
124;6;LAR1N78;
125;6;LAR1N74;
126;6;LAR1N30;
127;6;LAR3N12;
128;6;LAR4N34;
129;6;LAR2N31;
130;6;LAR3N74;
131;6;BIR1N136;
132;6;LAR1N114;
133;6;LAR1N69;
134;6;BIR1N148;
135;6;LAR3N60;
136;6;LAR2N63;
137;6;BIR2N186;
138;6;LAR2N69;
139;6;BIR2N76;
140;6;LAR2N90;
141;6;BIR1N171;
142;6;LAR1N35;
143;6;LAR4N40;
144;6;LAR1N76;
145;7;LAR3N17;
146;7;LAR1N85;
147;7;LAR2N55;
148;7;LAR1N111;
149;7;LAR3N40;
150;7;LAR2N21;
151;7;LAR3N54;
152;7;LAR1N81;
153;7;LAR2N32;
154;7;LAR2N3;
155;7;LAR4N41;
156;7;LAR1N109;
157;7;LAR2N28;
158;7;LAR4N27;
159;7;LAR2N115;
160;7;LAR3N77;
161;7;LAR3N101;
162;7;LAR2N120;
163;7;LAR4N14;
164;7;LAR3N81;
165;7;LAR3N26;
166;7;LAR3N39;
167;7;LAR4N17;
168;7;LAR2N12;
169;8;LAR1N107;
170;8;LAR1N91;
171;8;LAR3N114;
172;8;LAR2N36;
173;8;LAR3N21;
174;8;LAR3N107;
175;8;LAR2N106;
176;8;LAR2N119;
177;8;LAR3N86;
178;8;LAR2N113;
179;8;BIR1N118;
180;8;LAR2N58;
181;8;BIR1N80;
182;8;LAR2N110;
183;8;LAR2N121;
184;8;LAR2N42;
185;8;LAR3N118;
186;8;LAR4N10;
187;8;LAR4N11;
188;8;LAR2N100;
189;8;BIR1N86;
190;8;LAR3N83;
191;8;LAR1N98;
192;8;LAR1N75;
193;9;LAR3N98;
194;9;LAR3N71;
195;9;BIR1N24;
196;9;LAR3N96;
197;9;LAR1N79;
198;9;BIR1N64;
199;9;LAR2N23;
200;9;BIR1N115;
201;9;LAR3N108;
202;9;LAR1N122;
